{
	"type":"Live2D Expression",
	"fade_in":500,
	"fade_out":500,
	"params":[
		{"id":"PARAM_EYE_L_OPEN","val":1,"calc":"mult"},
		{"id":"PARAM_EYE_L_FORM","val":-4},
		{"id":"PARAM_EYE_R_OPEN","val":-1.5,"def":1},
		{"id":"PARAM_EYE_R_SMILE","val":1},
		{"id":"PARAM_EYE_R_FORM","val":-3},
		{"id":"PARAM_BROW_L_Y","val":-1},
		{"id":"PARAM_BROW_R_Y","val":-1},
		{"id":"PARAM_BROW_L_X","val":-0.1},
		{"id":"PARAM_BROW_R_X","val":-0.1},
		{"id":"PARAM_BROW_L_ANGLE","val":-1},
		{"id":"PARAM_BROW_R_ANGLE","val":-1},
		{"id":"PARAM_BROW_L_FORM","val":-3},
		{"id":"PARAM_BROW_R_FORM","val":-3},
		{"id":"PARAM_BROW_L_FORM2","val":1},
		{"id":"PARAM_BROW_R_FORM2","val":1},
		{"id":"PARAM_BROW_WRINKLE_FORM","val":0.02},
		{"id":"PARAM_MOUTH_FORM","val":-2},
		{"id":"PARAM_CHEEK","val":1}
	]
}