{
	"type":"Live2D Expression",
	"fade_in":500,
	"fade_out":500,
	"params":[
		{"id":"PARAM_EYE_L_FORM","val":-1},
		{"id":"PARAM_EYE_R_FORM","val":-1},
		{"id":"PARAM_BROW_L_Y","val":0.4},
		{"id":"PARAM_BROW_R_Y","val":0.4},
		{"id":"PARAM_BROW_L_X","val":-0.5},
		{"id":"PARAM_BROW_R_X","val":-0.5},
		{"id":"PARAM_BROW_L_ANGLE","val":-0.6},
		{"id":"PARAM_BROW_R_ANGLE","val":-0.6},
		{"id":"PARAM_BROW_L_FORM","val":-1},
		{"id":"PARAM_BROW_R_FORM","val":-1},
		{"id":"PARAM_MOUTH_FORM","val":-2},
		{"id":"PARAM_CHEEK","val":1}
	]
}